{
  "0": {
    "precision": 0.7931034482758621,
    "recall": 0.6052631578947368,
    "f1-score": 0.6865671641791045,
    "support": 38.0
  },
  "1": {
    "precision": 0.4,
    "recall": 0.625,
    "f1-score": 0.4878048780487805,
    "support": 16.0
  },
  "accuracy": 0.6111111111111112,
  "macro avg": {
    "precision": 0.596551724137931,
    "recall": 0.6151315789473684,
    "f1-score": 0.5871860211139425,
    "support": 54.0
  },
  "weighted avg": {
    "precision": 0.6766283524904215,
    "recall": 0.6111111111111112,
    "f1-score": 0.6276746349553048,
    "support": 54.0
  }
}