{
  "random_forest": {
    "train_accuracy": 0.5158730158730159,
    "test_accuracy": 0.5185185185185185,
    "auc_score": 0.6069078947368421,
    "best_params": {
      "class_weight": "balanced",
      "max_depth": 15,
      "max_features": "sqrt",
      "min_samples_leaf": 2,
      "min_samples_split": 2,
      "n_estimators": 200
    },
    "optimal_threshold": 0.12499999999999999,
    "fbeta_score": 0.5357142857142857,
    "classification_report": {
      "0": {
        "precision": 0.9285714285714286,
        "recall": 0.34210526315789475,
        "f1-score": 0.5,
        "support": 38.0
      },
      "1": {
        "precision": 0.375,
        "recall": 0.9375,
        "f1-score": 0.5357142857142857,
        "support": 16.0
      },
      "accuracy": 0.5185185185185185,
      "macro avg": {
        "precision": 0.6517857142857143,
        "recall": 0.6398026315789473,
        "f1-score": 0.5178571428571428,
        "support": 54.0
      },
      "weighted avg": {
        "precision": 0.7645502645502645,
        "recall": 0.5185185185185185,
        "f1-score": 0.5105820105820106,
        "support": 54.0
      }
    },
    "confusion_matrix": [
      [
        13,
        25
      ],
      [
        1,
        15
      ]
    ]
  },
  "logistic_regression": {
    "train_accuracy": 0.2857142857142857,
    "test_accuracy": 0.2962962962962963,
    "auc_score": 0.4819078947368421,
    "best_params": {
      "C": 1.0,
      "class_weight": "balanced",
      "penalty": "l1",
      "solver": "liblinear"
    },
    "optimal_threshold": 0.05,
    "fbeta_score": 0.45714285714285713,
    "classification_report": {
      "0": {
        "precision": 0.0,
        "recall": 0.0,
        "f1-score": 0.0,
        "support": 38.0
      },
      "1": {
        "precision": 0.2962962962962963,
        "recall": 1.0,
        "f1-score": 0.45714285714285713,
        "support": 16.0
      },
      "accuracy": 0.2962962962962963,
      "macro avg": {
        "precision": 0.14814814814814814,
        "recall": 0.5,
        "f1-score": 0.22857142857142856,
        "support": 54.0
      },
      "weighted avg": {
        "precision": 0.0877914951989026,
        "recall": 0.2962962962962963,
        "f1-score": 0.13544973544973546,
        "support": 54.0
      }
    },
    "confusion_matrix": [
      [
        0,
        38
      ],
      [
        0,
        16
      ]
    ]
  },
  "xgboost": {
    "train_accuracy": 0.7222222222222222,
    "test_accuracy": 0.6111111111111112,
    "auc_score": 0.5419407894736842,
    "best_params": {
      "colsample_bytree": 0.8,
      "learning_rate": 0.01,
      "max_depth": 3,
      "n_estimators": 100,
      "subsample": 0.8
    },
    "optimal_threshold": 0.31499999999999995,
    "fbeta_score": 0.4878048780487805,
    "classification_report": {
      "0": {
        "precision": 0.7931034482758621,
        "recall": 0.6052631578947368,
        "f1-score": 0.6865671641791045,
        "support": 38.0
      },
      "1": {
        "precision": 0.4,
        "recall": 0.625,
        "f1-score": 0.4878048780487805,
        "support": 16.0
      },
      "accuracy": 0.6111111111111112,
      "macro avg": {
        "precision": 0.596551724137931,
        "recall": 0.6151315789473684,
        "f1-score": 0.5871860211139425,
        "support": 54.0
      },
      "weighted avg": {
        "precision": 0.6766283524904215,
        "recall": 0.6111111111111112,
        "f1-score": 0.6276746349553048,
        "support": 54.0
      }
    },
    "confusion_matrix": [
      [
        23,
        15
      ],
      [
        6,
        10
      ]
    ]
  },
  "svm": {
    "train_accuracy": 0.31746031746031744,
    "test_accuracy": 0.37037037037037035,
    "auc_score": 0.518092105263158,
    "best_params": {
      "C": 0.1,
      "class_weight": null,
      "gamma": "auto",
      "kernel": "poly"
    },
    "optimal_threshold": 0.27999999999999997,
    "fbeta_score": 0.48484848484848486,
    "classification_report": {
      "0": {
        "precision": 1.0,
        "recall": 0.10526315789473684,
        "f1-score": 0.19047619047619047,
        "support": 38.0
      },
      "1": {
        "precision": 0.32,
        "recall": 1.0,
        "f1-score": 0.48484848484848486,
        "support": 16.0
      },
      "accuracy": 0.37037037037037035,
      "macro avg": {
        "precision": 0.66,
        "recall": 0.5526315789473684,
        "f1-score": 0.33766233766233766,
        "support": 54.0
      },
      "weighted avg": {
        "precision": 0.7985185185185185,
        "recall": 0.37037037037037035,
        "f1-score": 0.27769761103094437,
        "support": 54.0
      }
    },
    "confusion_matrix": [
      [
        4,
        34
      ],
      [
        0,
        16
      ]
    ]
  },
  "ensemble": {
    "test_accuracy": 0.4074074074074074,
    "auc_score": 0.5773026315789473,
    "optimal_threshold": 0.21999999999999997,
    "fbeta_score": 0.5,
    "classification_report": {
      "0": {
        "precision": 1.0,
        "recall": 0.15789473684210525,
        "f1-score": 0.2727272727272727,
        "support": 38.0
      },
      "1": {
        "precision": 0.3333333333333333,
        "recall": 1.0,
        "f1-score": 0.5,
        "support": 16.0
      },
      "accuracy": 0.4074074074074074,
      "macro avg": {
        "precision": 0.6666666666666666,
        "recall": 0.5789473684210527,
        "f1-score": 0.38636363636363635,
        "support": 54.0
      },
      "weighted avg": {
        "precision": 0.8024691358024691,
        "recall": 0.4074074074074074,
        "f1-score": 0.3400673400673401,
        "support": 54.0
      }
    },
    "confusion_matrix": [
      [
        6,
        32
      ],
      [
        0,
        16
      ]
    ],
    "model_count": 4,
    "models_used": [
      "rf",
      "lr",
      "xgb",
      "svm"
    ],
    "weights": {
      "rf": 0.28243398392652125,
      "lr": 0.22426329889016453,
      "xgb": 0.2522005357826253,
      "svm": 0.24110218140068887
    },
    "regime_weights": {
      "default": {
        "random_forest": 0.28243398392652125,
        "logistic_regression": 0.22426329889016453,
        "xgboost": 0.2522005357826253,
        "svm": 0.24110218140068887
      },
      "regimes": {
        "low_volatility": {
          "random_forest": 0.28243398392652125,
          "logistic_regression": 0.22426329889016453,
          "xgboost": 0.2522005357826253,
          "svm": 0.24110218140068887
        },
        "moderate_volatility": {
          "random_forest": 0.28243398392652125,
          "logistic_regression": 0.22426329889016453,
          "xgboost": 0.2522005357826253,
          "svm": 0.24110218140068887
        },
        "high_volatility": {
          "random_forest": 0.28243398392652125,
          "logistic_regression": 0.22426329889016453,
          "xgboost": 0.2522005357826253,
          "svm": 0.24110218140068887
        }
      },
      "meta_model": {
        "enabled": false
      }
    }
  },
  "test_data": {
    "y_test": [
      0,
      0,
      0,
      0,
      0,
      0,
      1,
      0,
      0,
      1,
      0,
      0,
      1,
      0,
      0,
      1,
      0,
      0,
      1,
      1,
      0,
      1,
      1,
      1,
      0,
      1,
      0,
      0,
      0,
      0,
      0,
      0,
      1,
      0,
      0,
      1,
      0,
      1,
      0,
      0,
      1,
      0,
      0,
      0,
      0,
      0,
      0,
      0,
      1,
      0,
      0,
      0,
      1,
      0
    ],