{
  "0": {
    "precision": 1.0,
    "recall": 0.15789473684210525,
    "f1-score": 0.2727272727272727,
    "support": 38.0
  },
  "1": {
    "precision": 0.3333333333333333,
    "recall": 1.0,
    "f1-score": 0.5,
    "support": 16.0
  },
  "accuracy": 0.4074074074074074,
  "macro avg": {
    "precision": 0.6666666666666666,
    "recall": 0.5789473684210527,
    "f1-score": 0.38636363636363635,
    "support": 54.0
  },
  "weighted avg": {
    "precision": 0.8024691358024691,
    "recall": 0.4074074074074074,
    "f1-score": 0.3400673400673401,
    "support": 54.0
  }
}