{
  "0": {
    "precision": 0.9285714285714286,
    "recall": 0.34210526315789475,
    "f1-score": 0.5,
    "support": 38.0
  },
  "1": {
    "precision": 0.375,
    "recall": 0.9375,
    "f1-score": 0.5357142857142857,
    "support": 16.0
  },
  "accuracy": 0.5185185185185185,
  "macro avg": {
    "precision": 0.6517857142857143,
    "recall": 0.6398026315789473,
    "f1-score": 0.5178571428571428,
    "support": 54.0
  },
  "weighted avg": {
    "precision": 0.7645502645502645,
    "recall": 0.5185185185185185,
    "f1-score": 0.5105820105820106,
    "support": 54.0
  }
}