{
  "0": {
    "precision": 1.0,
    "recall": 0.10526315789473684,
    "f1-score": 0.19047619047619047,
    "support": 38.0
  },
  "1": {
    "precision": 0.32,
    "recall": 1.0,
    "f1-score": 0.48484848484848486,
    "support": 16.0
  },
  "accuracy": 0.37037037037037035,
  "macro avg": {
    "precision": 0.66,
    "recall": 0.5526315789473684,
    "f1-score": 0.33766233766233766,
    "support": 54.0
  },
  "weighted avg": {
    "precision": 0.7985185185185185,
    "recall": 0.37037037037037035,
    "f1-score": 0.27769761103094437,
    "support": 54.0
  }
}