{
  "0": {
    "precision": 0.8148148148148148,
    "recall": 0.5789473684210527,
    "f1-score": 0.676923076923077,
    "support": 38.0
  },
  "1": {
    "precision": 0.4074074074074074,
    "recall": 0.6875,
    "f1-score": 0.5116279069767442,
    "support": 16.0
  },
  "accuracy": 0.6111111111111112,
  "macro avg": {
    "precision": 0.611111111111111,
    "recall": 0.6332236842105263,
    "f1-score": 0.5942754919499106,
    "support": 54.0
  },
  "weighted avg": {
    "precision": 0.6941015089163237,
    "recall": 0.6111111111111112,
    "f1-score": 0.6279467302723117,
    "support": 54.0
  }
}