{
  "0": {
    "precision": 0.8125,
    "recall": 0.6842105263157895,
    "f1-score": 0.7428571428571429,
    "support": 38.0
  },
  "1": {
    "precision": 0.45454545454545453,
    "recall": 0.625,
    "f1-score": 0.5263157894736842,
    "support": 16.0
  },
  "accuracy": 0.6666666666666666,
  "macro avg": {
    "precision": 0.6335227272727273,
    "recall": 0.6546052631578947,
    "f1-score": 0.6345864661654135,
    "support": 54.0
  },
  "weighted avg": {
    "precision": 0.7064393939393939,
    "recall": 0.6666666666666666,
    "f1-score": 0.6786967418546366,
    "support": 54.0
  }
}