{
  "random_forest": {
    "train_accuracy": 0.5158730158730159,
    "test_accuracy": 0.5185185185185185,
    "auc_score": 0.6069078947368421,
    "best_params": {
      "class_weight": "balanced",
      "max_depth": 15,
      "max_features": "sqrt",
      "min_samples_leaf": 2,
      "min_samples_split": 2,
      "n_estimators": 200
    },
    "optimal_threshold": 0.12499999999999999,
    "fbeta_score": 0.5357142857142857,
    "classification_report": {
      "0": {
        "precision": 0.9285714285714286,
        "recall": 0.34210526315789475,
        "f1-score": 0.5,
        "support": 38.0
      },
      "1": {
        "precision": 0.375,
        "recall": 0.9375,
        "f1-score": 0.5357142857142857,
        "support": 16.0
      },
      "accuracy": 0.5185185185185185,
      "macro avg": {
        "precision": 0.6517857142857143,
        "recall": 0.6398026315789473,
        "f1-score": 0.5178571428571428,
        "support": 54.0
      },
      "weighted avg": {
        "precision": 0.7645502645502645,
        "recall": 0.5185185185185185,
        "f1-score": 0.5105820105820106,
        "support": 54.0
      }
    },
    "confusion_matrix": [
      [
        13,
        25
      ],
      [
        1,
        15
      ]
    ]
  },
  "logistic_regression": {
    "train_accuracy": 0.2857142857142857,
    "test_accuracy": 0.2962962962962963,
    "auc_score": 0.4819078947368421,
    "best_params": {
      "C": 1.0,
      "class_weight": "balanced",
      "penalty": "l1",
      "solver": "liblinear"
    },
    "optimal_threshold": 0.05,
    "fbeta_score": 0.45714285714285713,
    "classification_report": {
      "0": {
        "precision": 0.0,
        "recall": 0.0,
        "f1-score": 0.0,
        "support": 38.0
      },
      "1": {
        "precision": 0.2962962962962963,
        "recall": 1.0,
        "f1-score": 0.45714285714285713,
        "support": 16.0
      },
      "accuracy": 0.2962962962962963,
      "macro avg": {
        "precision": 0.14814814814814814,
        "recall": 0.5,
        "f1-score": 0.22857142857142856,
        "support": 54.0
      },
      "weighted avg": {
        "precision": 0.0877914951989026,
        "recall": 0.2962962962962963,
        "f1-score": 0.13544973544973546,
        "support": 54.0
      }
    },
    "confusion_matrix": [
      [
        0,
        38
      ],
      [
        0,
        16
      ]
    ]
  },
  "svm": {
    "train_accuracy": 0.31746031746031744,
    "test_accuracy": 0.37037037037037035,
    "auc_score": 0.518092105263158,
    "best_params": {
      "C": 0.1,
      "class_weight": null,
      "gamma": "auto",
      "kernel": "poly"
    },
    "optimal_threshold": 0.27999999999999997,
    "fbeta_score": 0.48484848484848486,
    "classification_report": {
      "0": {
        "precision": 1.0,
        "recall": 0.10526315789473684,
        "f1-score": 0.19047619047619047,
        "support": 38.0
      },
      "1": {
        "precision": 0.32,
        "recall": 1.0,
        "f1-score": 0.48484848484848486,
        "support": 16.0
      },
      "accuracy": 0.37037037037037035,
      "macro avg": {
        "precision": 0.66,
        "recall": 0.5526315789473684,
        "f1-score": 0.33766233766233766,
        "support": 54.0
      },
      "weighted avg": {
        "precision": 0.7985185185185185,
        "recall": 0.37037037037037035,
        "f1-score": 0.27769761103094437,
        "support": 54.0
      }
    },
    "confusion_matrix": [
      [
        4,
        34
      ],
      [
        0,
        16
      ]
    ]
  },
  "ensemble": {
    "test_accuracy": 0.5,
    "auc_score": 0.5904605263157895,
    "optimal_threshold": 0.29,
    "fbeta_score": 0.509090909090909,
    "classification_report": {
      "0": {
        "precision": 0.8666666666666667,
        "recall": 0.34210526315789475,
        "f1-score": 0.49056603773584906,
        "support": 38.0
      },
      "1": {
        "precision": 0.358974358974359,
        "recall": 0.875,
        "f1-score": 0.509090909090909,
        "support": 16.0
      },
      "accuracy": 0.5,
      "macro avg": {
        "precision": 0.6128205128205129,
        "recall": 0.6085526315789473,
        "f1-score": 0.49982847341337905,
        "support": 54.0
      },
      "weighted avg": {
        "precision": 0.7162393162393164,
        "recall": 0.5,
        "f1-score": 0.49605488850771867,
        "support": 54.0
      }
    },
    "confusion_matrix": [
      [
        13,
        25
      ],
      [
        2,
        14
      ]
    ],
    "model_count": 3,
    "models_used": [
      "rf",
      "lr",
      "svm"
    ],
    "weights": {
      "rf": 0.3776867963152508,
      "lr": 0.2998976458546571,
      "svm": 0.3224155578300922
    },
    "regime_weights": {
      "default": {
        "random_forest": 0.37768679631525076,
        "logistic_regression": 0.29989764585465706,
        "svm": 0.3224155578300921
      },
      "regimes": {
        "low_volatility": {
          "random_forest": 0.37768679631525076,
          "logistic_regression": 0.29989764585465706,
          "svm": 0.3224155578300921
        },
        "moderate_volatility": {
          "random_forest": 0.37768679631525076,
          "logistic_regression": 0.29989764585465706,
          "svm": 0.3224155578300921
        },
        "high_volatility": {
          "random_forest": 0.37768679631525076,
          "logistic_regression": 0.29989764585465706,
          "svm": 0.3224155578300921
        }
      },
      "meta_model": {
        "enabled": false
      }
    }
  },
  "test_data": {
    "y_test": [
      0,
      0,
      0,
      0,
      0,
      0,
      1,
      0,
      0,
      1,
      0,
      0,
      1,
      0,
      0,
      1,
      0,
      0,
      1,
      1,
      0,
      1,
      1,
      1,
      0,
      1,
      0,
      0,
      0,
      0,
      0,
      0,
      1,
      0,
      0,
      1,
      0,
      1,
      0,
      0,
      1,
      0,
      0,
      0,
      0,
      0,
      0,
      0,
      1,
      0,
      0,
      0,
      1,
      0
    ],
    "rf_probabilities": [
      0.07374811183828212,
      0.12002011761028791,
      0.3648255608770314,
      0.00857142857142857,
      0.6958000865912957,
      0.6389565316935663,
      0.9182728418525631,
      0.7081998810233685,
      0.15349953451653722,
      0.2928353976031995,
      0.22322487690328263,
      0.8618459276934509,
      0.21811707620724657,
      0.04170192824604589,
      0.07784498675559047,
      0.16038390866099847,
      0.02251818783068783,
      0.6922154965276089,
      0.20456525924460187,
      0.02251818783068783,
      0.0,
      0.13135735766927722,
      0.5231998810233683,
      0.35118434479659394,
      0.004411764705882353,
      0.7239671332217964,
      0.35118434479659394,
      0.504190033775748,
      0.7248644412467885,
      0.6758174973819319,
      0.90254528645589,
      0.04170192824604589,
      0.614563388788427,
      0.6076583753613491,
      0.22334782133930753,
      0.5231998810233683,
      0.02251818783068783,
      0.7198644412467885,
      0.4474352393698567,
      0.519125974277239,
      0.511849638637309,
      0.948767069846791,
      0.6758174973819319,
      0.111135815866853,
      0.1757736338511963,
      0.02251818783068783,
      0.22251448800597415,
      0.0,
      0.5466128854205421,
      0.2105264642048699,
      0.2551186474201182,
      0.2717554795852012,
      0.5993037583627945,
      0.5870778756488888
    ],