{
  "random_forest": {
    "train_accuracy": 0.9911111111111112,
    "test_accuracy": 0.72,
    "auc_score": 0.7149999999999999,
    "best_params": {
      "class_weight": "balanced",
      "max_depth": 15,
      "max_features": "sqrt",
      "min_samples_leaf": 1,
      "min_samples_split": 2,
      "n_estimators": 200
    },
    "optimal_threshold": 0.25499999999999995,
    "fbeta_score": 0.5714285714285714,
    "classification_report": {
      "0": {
        "precision": 0.8695652173913043,
        "recall": 0.7272727272727273,
        "f1-score": 0.7920792079207921,
        "support": 55.0
      },
      "1": {
        "precision": 0.4827586206896552,
        "recall": 0.7,
        "f1-score": 0.5714285714285714,
        "support": 20.0
      },
      "accuracy": 0.72,
      "macro avg": {
        "precision": 0.6761619190404797,
        "recall": 0.7136363636363636,
        "f1-score": 0.6817538896746818,
        "support": 75.0
      },
      "weighted avg": {
        "precision": 0.7664167916041978,
        "recall": 0.72,
        "f1-score": 0.7332390381895332,
        "support": 75.0
      }
    },
    "confusion_matrix": [
      [
        40,
        15
      ],
      [
        6,
        14
      ]
    ]
  },
  "logistic_regression": {
    "train_accuracy": 0.8355555555555556,
    "test_accuracy": 0.72,
    "auc_score": 0.6927272727272727,
    "best_params": {
      "C": 1.0,
      "class_weight": "balanced",
      "penalty": "l1",
      "solver": "liblinear"
    },
    "optimal_threshold": 0.4649999999999999,
    "fbeta_score": 0.5531914893617021,
    "classification_report": {
      "0": {
        "precision": 0.8541666666666666,
        "recall": 0.7454545454545455,
        "f1-score": 0.7961165048543689,
        "support": 55.0
      },
      "1": {
        "precision": 0.48148148148148145,
        "recall": 0.65,
        "f1-score": 0.5531914893617021,
        "support": 20.0
      },
      "accuracy": 0.72,
      "macro avg": {
        "precision": 0.6678240740740741,
        "recall": 0.6977272727272728,
        "f1-score": 0.6746539971080355,
        "support": 75.0
      },
      "weighted avg": {
        "precision": 0.7547839506172839,
        "recall": 0.72,
        "f1-score": 0.7313365007229911,
        "support": 75.0
      }
    },
    "confusion_matrix": [
      [
        41,
        14
      ],
      [
        7,
        13
      ]
    ]
  },
  "xgboost": {
    "train_accuracy": 0.9688888888888889,
    "test_accuracy": 0.8133333333333334,
    "auc_score": 0.68,
    "best_params": {
      "colsample_bytree": 0.9,
      "learning_rate": 0.01,
      "max_depth": 3,
      "n_estimators": 300,
      "subsample": 0.9
    },
    "optimal_threshold": 0.41999999999999993,
    "fbeta_score": 0.5625,
    "classification_report": {
      "0": {
        "precision": 0.8253968253968254,
        "recall": 0.9454545454545454,
        "f1-score": 0.8813559322033898,
        "support": 55.0
      },
      "1": {
        "precision": 0.75,
        "recall": 0.45,
        "f1-score": 0.5625,
        "support": 20.0
      },
      "accuracy": 0.8133333333333334,
      "macro avg": {
        "precision": 0.7876984126984127,
        "recall": 0.6977272727272728,
        "f1-score": 0.7219279661016949,
        "support": 75.0
      },
      "weighted avg": {
        "precision": 0.8052910052910053,
        "recall": 0.8133333333333334,
        "f1-score": 0.7963276836158193,
        "support": 75.0
      }
    },
    "confusion_matrix": [
      [
        52,
        3
      ],
      [
        11,
        9
      ]
    ]
  },
  "svm": {
    "train_accuracy": 0.8844444444444445,
    "test_accuracy": 0.7866666666666666,
    "auc_score": 0.7318181818181819,
    "best_params": {
      "C": 1,
      "class_weight": "balanced",
      "gamma": "scale",
      "kernel": "rbf"
    },
    "optimal_threshold": 0.33999999999999997,
    "fbeta_score": 0.6,
    "classification_report": {
      "0": {
        "precision": 0.8545454545454545,
        "recall": 0.8545454545454545,
        "f1-score": 0.8545454545454545,
        "support": 55.0
      },
      "1": {
        "precision": 0.6,
        "recall": 0.6,
        "f1-score": 0.6,
        "support": 20.0
      },
      "accuracy": 0.7866666666666666,
      "macro avg": {
        "precision": 0.7272727272727273,
        "recall": 0.7272727272727273,
        "f1-score": 0.7272727272727273,
        "support": 75.0
      },
      "weighted avg": {
        "precision": 0.7866666666666666,
        "recall": 0.7866666666666666,
        "f1-score": 0.7866666666666666,
        "support": 75.0
      }
    },
    "confusion_matrix": [
      [
        47,
        8
      ],
      [
        8,
        12
      ]
    ]
  },
  "ensemble": {
    "test_accuracy": 0.7333333333333333,
    "auc_score": 0.7181818181818183,
    "optimal_threshold": 0.30499999999999994,
    "fbeta_score": 0.5652173913043478,
    "classification_report": {
      "0": {
        "precision": 0.8571428571428571,
        "recall": 0.7636363636363637,
        "f1-score": 0.8076923076923077,
        "support": 55.0
      },
      "1": {
        "precision": 0.5,
        "recall": 0.65,
        "f1-score": 0.5652173913043478,
        "support": 20.0
      },
      "accuracy": 0.7333333333333333,
      "macro avg": {
        "precision": 0.6785714285714286,
        "recall": 0.7068181818181818,
        "f1-score": 0.6864548494983278,
        "support": 75.0
      },
      "weighted avg": {
        "precision": 0.7619047619047619,
        "recall": 0.7333333333333333,
        "f1-score": 0.7430323299888517,
        "support": 75.0
      }
    },
    "confusion_matrix": [
      [
        42,
        13
      ],
      [
        7,
        13
      ]
    ],
    "model_count": 4,
    "models_used": [
      "rf",
      "lr",
      "xgb",
      "svm"
    ],
    "weights": {
      "rf": 0.25358697404481695,
      "lr": 0.2456875705303885,
      "xgb": 0.2411736256650008,
      "svm": 0.2595518297597937
    }
  },
  "test_data": {
    "y_test": [
      0,
      0,
      0,
      0,
      0,
      1,
      0,
      0,
      0,
      0,
      1,
      0,
      1,
      0,
      1,
      1,
      0,
      0,
      0,
      0,
      0,
      1,
      0,
      0,
      1,
      0,
      0,
      0,
      0,
      0,
      0,
      0,
      0,
      1,
      0,
      0,
      0,
      0,
      1,
      0,
      0,
      0,
      0,
      0,
      0,
      0,
      0,
      1,
      0,
      1,
      0,
      1,
      0,
      0,
      1,
      0,
      1,
      0,
      0,
      1,
      0,
      1,
      0,
      0,
      0,
      1,
      0,
      0,
      1,
      0,
      0,
      0,
      1,
      1,
      0
    ],
    "rf_probabilities": [
      0.045,
      0.13,
      0.03,
      0.145,
      0.22,
      0.56,
      0.38,
      0.185,
      0.545,
      0.095,
      0.4,
      0.435,
      0.715,
      0.07,
      0.035,
      0.34,
      0.29,
      0.405,
      0.09,
      0.25,
      0.11,
      0.045,
      0.245,
      0.015,
      0.085,
      0.005,
      0.26,
      0.325,
      0.105,
      0.255,
      0.065,
      0.355,
      0.235,
      0.51,
      0.035,
      0.005,
      0.115,
      0.235,
      0.255,
      0.205,
      0.245,
      0.075,
      0.065,
      0.08,
      0.49,
      0.445,
      0.125,
      0.07,
      0.115,
      0.425,
      0.045,
      0.605,
      0.045,
      0.12,
      0.565,
      0.225,
      0.545,
      0.135,
      0.375,
      0.08,
      0.15,
      0.295,
      0.1,
      0.095,
      0.58,
      0.62,
      0.365,
      0.245,
      0.16,
      0.01,
      0.045,
      0.385,
      0.26,
      0.58,
      0.185
    ],